Workbook

Sheet Fonds de caisse 2025-2026
A1: Fonds de caisse
A3: Date | B3: Type | C3: 0.05 | D3: 0.1 | E3: 0.2 | F3: 0.5 | G3: 1 | H3: 2 | I3: 5 | J3: 10 | K3: 20 | L3: 50 | M3: Total émis | N3: Validation externe | O3: Commentaire | P3: Bilan entrée
A4: 11.09.2025 | B4: Sortie | D4: 20 | E4: 25 | F4: 30 | G4: 34 | H4: 22 | I4: 10 | J4: 3 | K4: 1 | L4: 0 | M4: =(D4*D$3+E4*E$3+F4*F$3+G4*G$3+H4*H$3+I4*I$3+J4*J$3+K4*K$3+L4*L$3)*IF(B3 = "Entrée",1,-1) -> -200 | N4: Benoît | P4: =IF('Fonds de caisse 2025-2026'!$B4="Sortie","",'Fonds de caisse 2025-2026'!$M4-(-1*M3))
A5: 11.09.2025 | B5: Entrée | D5: 20 | E5: 25 | F5: 30 | G5: 38 | H5: 27 | I5: 10 | J5: 2 | K5: 2 | L5: 0 | M5: =(D5*D$3+E5*E$3+F5*F$3+G5*G$3+H5*H$3+I5*I$3+J5*J$3+K5*K$3+L5*L$3)*IF(B5 = "Entrée",1,-1) -> 224 | N5: Aucune | O5: 5 BONS | P5: =IF('Fonds de caisse 2025-2026'!$B5="Sortie","",'Fonds de caisse 2025-2026'!$M5-(-1*M4)) -> 24
A6: 15.09.2025 | B6: Sortie | D6: 20 | E6: 20 | F6: 20 | G6: 20 | H6: 57 | I6: 8 | J6: 3 | K6: 1 | L6: 0 | M6: =(D6*D$3+E6*E$3+F6*F$3+G6*G$3+H6*H$3+I6*I$3+J6*J$3+K6*K$3+L6*L$3)*IF(B6 = "Entrée",1,-1) -> -240 | N6: Aucune | P6: =IF('Fonds de caisse 2025-2026'!$B6="Sortie","",'Fonds de caisse 2025-2026'!$M6-(-1*M5))
A7: 15.09.2025 | B7: Entrée | D7: 20 | E7: 20 | F7: 20 | G7: 24 | H7: 35 | I7: 6 | J7: 3 | K7: 4 | L7: 1 | M7: =(D7*D$3+E7*E$3+F7*F$3+G7*G$3+H7*H$3+I7*I$3+J7*J$3+K7*K$3+L7*L$3)*IF(B7 = "Entrée",1,-1) -> 300 | N7: Aucune | P7: =IF('Fonds de caisse 2025-2026'!$B7="Sortie","",'Fonds de caisse 2025-2026'!$M7-(-1*M6)) -> 60
A8: 15.09.2025 | B8: Sortie | D8: 20 | E8: 20 | F8: 20 | G8: 30 | H8: 42 | I8: 10 | J8: 3 | K8: 1 | L8: 0 | M8: =(D8*D$3+E8*E$3+F8*F$3+G8*G$3+H8*H$3+I8*I$3+J8*J$3+K8*K$3+L8*L$3)*IF(B8 = "Entrée",1,-1) -> -230 | N8: Aucune | P8: =IF('Fonds de caisse 2025-2026'!$B8="Sortie","",'Fonds de caisse 2025-2026'!$M8-(-1*M7))
A9: 15.09.2025 | B9: Entrée | D9: 20 | E9: 20 | F9: 20 | G9: 30 | H9: 36 | I9: 12 | J9: 2 | K9: 1 | L9: 1 | M9: =(D9*D$3+E9*E$3+F9*F$3+G9*G$3+H9*H$3+I9*I$3+J9*J$3+K9*K$3+L9*L$3)*IF(B9 = "Entrée",1,-1) -> 268 | N9: Aucune | P9: =IF('Fonds de caisse 2025-2026'!$B9="Sortie","",'Fonds de caisse 2025-2026'!$M9-(-1*M8)) -> 38
A10: 15.09.2025 | B10: Sortie | D10: 20 | E10: 20 | F10: 20 | G10: 30 | H10: 42 | I10: 10 | J10: 3 | K10: 1 | L10: 0 | M10: =(D10*D$3+E10*E$3+F10*F$3+G10*G$3+H10*H$3+I10*I$3+J10*J$3+K10*K$3+L10*L$3)*IF(B10 = "Entrée",1,-1) -> -230 | N10: Aucune | P10: =IF('Fonds de caisse 2025-2026'!$B10="Sortie","",'Fonds de caisse 2025-2026'!$M10-(-1*M9))
A11: 16.09.2025 | B11: Entrée | D11: 20 | E11: 20 | F11: 22 | G11: 33 | H11: 39 | I11: 11 | J11: 3 | K11: 2 | L11: 0 | M11: =(D11*D$3+E11*E$3+F11*F$3+G11*G$3+H11*H$3+I11*I$3+J11*J$3+K11*K$3+L11*L$3)*IF(B11 = "Entrée",1,-1) -> 253 | N11: Aucune | P11: =IF('Fonds de caisse 2025-2026'!$B11="Sortie","",'Fonds de caisse 2025-2026'!$M11-(-1*M10)) -> 23
A12: 17.09.2025 | B12: Sortie | D12: 20 | E12: 20 | F12: 20 | G12: 36 | H12: 39 | I12: 10 | J12: 3 | K12: 1 | L12: 0 | M12: =(D12*D$3+E12*E$3+F12*F$3+G12*G$3+H12*H$3+I12*I$3+J12*J$3+K12*K$3+L12*L$3)*IF(B12 = "Entrée",1,-1) -> -230 | N12: Aucune | P12: =IF('Fonds de caisse 2025-2026'!$B12="Sortie","",'Fonds de caisse 2025-2026'!$M12-(-1*M11))
A13: 17.09.2025 | B13: Entrée | D13: 20 | E13: 20 | F13: 21 | G13: 35 | H13: 17 | I13: 9 | J13: 2 | K13: 3 | M13: =(D13*D$3+E13*E$3+F13*F$3+G13*G$3+H13*H$3+I13*I$3+J13*J$3+K13*K$3+L13*L$3)*IF(B13 = "Entrée",1,-1) -> 210.5 | N13: Aucune | P13: =IF('Fonds de caisse 2025-2026'!$B13="Sortie","",'Fonds de caisse 2025-2026'!$M13-(-1*M12)) -> -19.5
A14: 18.09.2025 | B14: Sortie | D14: 10 | E14: 10 | F14: 20 | G14: 36 | H14: 37 | I14: 10 | J14: 3 | K14: 2 | L14: 0 | M14: =(D14*D$3+E14*E$3+F14*F$3+G14*G$3+H14*H$3+I14*I$3+J14*J$3+K14*K$3+L14*L$3)*IF(B14 = "Entrée",1,-1) -> -243 | N14: Aucune | P14: =IF('Fonds de caisse 2025-2026'!$B14="Sortie","",'Fonds de caisse 2025-2026'!$M14-(-1*M13))
A15: 18.09.2025 | B15: Entrée | D15: 11 | E15: 12 | F15: 26 | G15: 10 | H15: 8 | I15: 6 | J15: 2 | K15: 1 | L15: 3 | M15: =(D15*D$3+E15*E$3+F15*F$3+G15*G$3+H15*H$3+I15*I$3+J15*J$3+K15*K$3+L15*L$3)*IF(B15 = "Entrée",1,-1) -> 262.5 | N15: Aucune | P15: =IF('Fonds de caisse 2025-2026'!$B15="Sortie","",'Fonds de caisse 2025-2026'!$M15-(-1*M14)) -> 19.5
A16: 18.09.2025 | B16: Sortie | D16: 11 | E16: 12 | F16: 26 | G16: 55 | H16: 8 | I16: 12 | J16: 2 | K16: 1 | L16: 0 | M16: =(D16*D$3+E16*E$3+F16*F$3+G16*G$3+H16*H$3+I16*I$3+J16*J$3+K16*K$3+L16*L$3)*IF(B16 = "Entrée",1,-1) -> -187.5 | N16: Aucune | O16: caisse after | P16: =IF('Fonds de caisse 2025-2026'!$B16="Sortie","",'Fonds de caisse 2025-2026'!$M16-(-1*M15))
A17: 18.09.2025 | B17: Entrée | D17: 11 | E17: 12 | F17: 25 | G17: 47 | H17: 2 | I17: 15 | J17: 2 | K17: 4 | L17: 1 | M17: =(D17*D$3+E17*E$3+F17*F$3+G17*G$3+H17*H$3+I17*I$3+J17*J$3+K17*K$3+L17*L$3)*IF(B17 = "Entrée",1,-1) -> 292 | N17: Gilles | P17: =IF('Fonds de caisse 2025-2026'!$B17="Sortie","",'Fonds de caisse 2025-2026'!$M17-(-1*M16)) -> 104.5
A18: 19.09.2025 | B18: Sortie | D18: 10 | E18: 10 | F18: 10 | G18: 70 | H18: 6 | I18: 10 | J18: 3 | K18: 1 | L18: 0 | M18: =(D18*D$3+E18*E$3+F18*F$3+G18*G$3+H18*H$3+I18*I$3+J18*J$3+K18*K$3+L18*L$3)*IF(B18 = "Entrée",1,-1) -> -190 | N18: Aucune | P18: =IF('Fonds de caisse 2025-2026'!$B18="Sortie","",'Fonds de caisse 2025-2026'!$M18-(-1*M17))
A19: 23.09.2025 | B19: Entrée | D19: 10 | E19: 10 | F19: 10 | G19: 56 | H19: 2 | I19: 9 | J19: 4 | K19: 2 | M19: =(D19*D$3+E19*E$3+F19*F$3+G19*G$3+H19*H$3+I19*I$3+J19*J$3+K19*K$3+L19*L$3)*IF(B19 = "Entrée",1,-1) -> 193 | N19: Aucune | P19: =IF('Fonds de caisse 2025-2026'!$B19="Sortie","",'Fonds de caisse 2025-2026'!$M19-(-1*M18)) -> 3
A20: 09.10.2025 | B20: Entrée | D20: 1 | F20: 1 | G20: 7 | H20: 8 | I20: 4 | J20: 1 | K20: 3 | M20: =(C20*C$3+D20*D$3+E20*E$3+F20*F$3+G20*G$3+H20*H$3+I20*I$3+J20*J$3+K20*K$3+L20*L$3)*IF(B20 = "Entrée",1,-1) -> 113.6 | O20: Entrée GM
A21: 09.10.2025 | B21: Sortie | G21: 25 | I21: 4 | J21: 1 | M21: =(C21*C$3+D21*D$3+E21*E$3+F21*F$3+G21*G$3+H21*H$3+I21*I$3+J21*J$3+K21*K$3+L21*L$3)*IF(B21 = "Entrée",1,-1) -> -55 | O21: Sortie pour after | P21: Dans la crusie
A22: 09.10.2025 | B22: Sortie | J22: 1 | K22: 1 | L22: 2 | M22: =(C22*C$3+D22*D$3+E22*E$3+F22*F$3+G22*G$3+H22*H$3+I22*I$3+J22*J$3+K22*K$3+L22*L$3)*IF(B22 = "Entrée",1,-1) -> -130 | O22: Cash pour courses | P22: 0
A23: 09.10.2025 | B23: Sortie | D23: 1 | E23: 1 | F23: 1 | H23: 2 | J23: 1 | L23: 2 | M23: =(C23*C$3+D23*D$3+E23*E$3+F23*F$3+G23*G$3+H23*H$3+I23*I$3+J23*J$3+K23*K$3+L23*L$3)*IF(B23 = "Entrée",1,-1) -> -114.8 | O23: Remboursement NF thomas (sub) | P23: -114.8
A24: 09.10.2025 | B24: Entrée | C24: 1 | D24: 1 | E24: 1 | H24: 1 | I24: 1 | J24: 1 | M24: =(C24*C$3+D24*D$3+E24*E$3+F24*F$3+G24*G$3+H24*H$3+I24*I$3+J24*J$3+K24*K$3+L24*L$3)*IF(B24 = "Entrée",1,-1) -> 17.35 | O24: Reste courses | P24: =-130+17.35 -> -112.65
A25: 09.10.2025 | B25: Entrée | K25: 6 | M25: =(C25*C$3+D25*D$3+E25*E$3+F25*F$3+G25*G$3+H25*H$3+I25*I$3+J25*J$3+K25*K$3+L25*L$3)*IF(B25 = "Entrée",1,-1) -> 120 | O25: Entrée cash after 09.10 | P25: 120
B26: Entrée | L26: 1 | M26: =(C26*C$3+D26*D$3+E26*E$3+F26*F$3+G26*G$3+H26*H$3+I26*I$3+J26*J$3+K26*K$3+L26*L$3)*IF(B26 = "Entrée",1,-1) -> 50 | O26: GM : Manu + benoit + 1 vin | P26: 50
B27: Entrée

Sheet Comptage caisse (machine)
A1: Fonds de caisse
A3: Date | B3: Type | C3: 0.05 | D3: 0.1 | E3: 0.2 | F3: 0.5 | G3: 1 | H3: 2 | I3: 5 | J3: 10 | K3: 20 | L3: 50 | M3: 100 | N3: 200 | O3: Total caisse
A4: 11.09.2025 | B4: Entrée | C4: 20 | D4: 60 | E4: 89 | F4: 509 | G4: 242 | H4: 25 | I4: 68 | J4: 9 | K4: 40 | L4: 1 | O4: =(D4*D$3+E4*E$3+F4*F$3+G4*G$3+H4*H$3+I4*I$3+J4*J$3+K4*K$3+L4*L$3+C4*C$3+M4*M$3+N$3*N4)*IF(B4 = "Entrée",1,-1) -> 1851.3
A5: 11/27/2025 | B5: Sortie | C5: 20 | D5: 40 | E5: 67 | F5: 251 | I5: 24 | O5: =(D5*D$3+E5*E$3+F5*F$3+G5*G$3+H5*H$3+I5*I$3+J5*J$3+K5*K$3+L5*L$3+C5*C$3+M5*M$3+N$3*N5)*IF(B5 = "Entrée",1,-1) -> -263.9
A6: 45881 | B6: Entrée | D6: 24 | E6: 27 | F6: 257 | G6: 59 | H6: 100 | I6: 3 | K6: 71 | L6: 23 | M6: 10 | N6: 1 | O6: =(D6*D$3+E6*E$3+F6*F$3+G6*G$3+H6*H$3+I6*I$3+J6*J$3+K6*K$3+L6*L$3+C6*C$3+M6*M$3+N$3*N6)*IF(B6 = "Entrée",1,-1) -> 4180.3
A7: 30.03.2026 | B7: Entrée | C7: 3 | D7: 34 | E7: 59 | F7: 283 | G7: 107 | H7: 115 | K7: 104 | L7: 35 | M7: 14 | N7: 1 | O7: =(D7*D$3+E7*E$3+F7*F$3+G7*G$3+H7*H$3+I7*I$3+J7*J$3+K7*K$3+L7*L$3+C7*C$3+M7*M$3+N$3*N7)*IF(B7 = "Entrée",1,-1) -> 5923.85
B8: Crousille | O8: 88.85
O9: =(D9*D$3+E9*E$3+F9*F$3+G9*G$3+H9*H$3+I9*I$3+J9*J$3+K9*K$3+L9*L$3+C9*C$3+M9*M$3+N$3*N9)*IF(B9 = "Entrée",1,-1) -> 0
O10: =(D10*D$3+E10*E$3+F10*F$3+G10*G$3+H10*H$3+I10*I$3+J10*J$3+K10*K$3+L10*L$3+C10*C$3+M10*M$3+N$3*N10)*IF(B10 = "Entrée",1,-1) -> 0
O11: =(D11*D$3+E11*E$3+F11*F$3+G11*G$3+H11*H$3+I11*I$3+J11*J$3+K11*K$3+L11*L$3+C11*C$3+M11*M$3+N$3*N11)*IF(B11 = "Entrée",1,-1) -> 0
O12: =(D12*D$3+E12*E$3+F12*F$3+G12*G$3+H12*H$3+I12*I$3+J12*J$3+K12*K$3+L12*L$3+C12*C$3+M12*M$3+N$3*N12)*IF(B12 = "Entrée",1,-1) -> 0
O13: =(D13*D$3+E13*E$3+F13*F$3+G13*G$3+H13*H$3+I13*I$3+J13*J$3+K13*K$3+L13*L$3+C13*C$3+M13*M$3+N$3*N13)*IF(B13 = "Entrée",1,-1) -> 0
O14: =(D14*D$3+E14*E$3+F14*F$3+G14*G$3+H14*H$3+I14*I$3+J14*J$3+K14*K$3+L14*L$3+C14*C$3+M14*M$3+N$3*N14)*IF(B14 = "Entrée",1,-1) -> 0
O15: =(D15*D$3+E15*E$3+F15*F$3+G15*G$3+H15*H$3+I15*I$3+J15*J$3+K15*K$3+L15*L$3+C15*C$3+M15*M$3+N$3*N15)*IF(B15 = "Entrée",1,-1) -> 0
O16: =(D16*D$3+E16*E$3+F16*F$3+G16*G$3+H16*H$3+I16*I$3+J16*J$3+K16*K$3+L16*L$3+C16*C$3+M16*M$3+N$3*N16)*IF(B16 = "Entrée",1,-1) -> 0
O17: =(D17*D$3+E17*E$3+F17*F$3+G17*G$3+H17*H$3+I17*I$3+J17*J$3+K17*K$3+L17*L$3+C17*C$3+M17*M$3+N$3*N17)*IF(B17 = "Entrée",1,-1) -> 0
A18: 46124 | B18: vidange crousille | C18: 1 | D18: 5 | E18: 13 | F18: 9 | G18: 35 | H18: 17 | I18: 5 | J18: 2 | K18: 1 | O18: =(D18*D$3+E18*E$3+F18*F$3+G18*G$3+H18*H$3+I18*I$3+J18*J$3+K18*K$3+L18*L$3+C18*C$3+M18*M$3+N$3*N18)*IF(B18 = "Entrée",1,-1) -> -141.65
B19: vidange caisse stroch | I19: 7 | J19: 7 | K19: 13 | L19: 2 | O19: =(D19*D$3+E19*E$3+F19*F$3+G19*G$3+H19*H$3+I19*I$3+J19*J$3+K19*K$3+L19*L$3+C19*C$3+M19*M$3+N$3*N19)*IF(B19 = "Entrée",1,-1) -> -465
B20: vidange caisse chzo | D20: 2 | E20: 12 | F20: 4 | G20: 22 | H20: 29 | I20: 12 | J20: 7 | K20: 2 | L20: 5 | O20: =(D20*D$3+E20*E$3+F20*F$3+G20*G$3+H20*H$3+I20*I$3+J20*J$3+K20*K$3+L20*L$3+C20*C$3+M20*M$3+N$3*N20)*IF(B20 = "Entrée",1,-1) -> -504.6
O21: =(D21*D$3+E21*E$3+F21*F$3+G21*G$3+H21*H$3+I21*I$3+J21*J$3+K21*K$3+L21*L$3+C21*C$3+M21*M$3+N$3*N21)*IF(B21 = "Entrée",1,-1) -> 0
A22: 46124 | B22: Entrée | D22: 41 | E22: 84 | F22: 296 | G22: 163 | H22: 161 | I22: 24 | J22: 16 | K22: 120 | L22: 42 | M22: 14 | N22: 1 | O22: =(D22*D$3+E22*E$3+F22*F$3+G22*G$3+H22*H$3+I22*I$3+J22*J$3+K22*K$3+L22*L$3+C22*C$3+M22*M$3+N$3*N22)*IF(B22 = "Entrée",1,-1) -> 7033.9 | P22: décompte caisse
O23: =(D23*D$3+E23*E$3+F23*F$3+G23*G$3+H23*H$3+I23*I$3+J23*J$3+K23*K$3+L23*L$3+C23*C$3+M23*M$3+N$3*N23)*IF(B23 = "Entrée",1,-1) -> 0
B24: gains stroch cash | O24: 40
B25: gains chzo cash | O25: 325
O26: =(D26*D$3+E26*E$3+F26*F$3+G26*G$3+H26*H$3+I26*I$3+J26*J$3+K26*K$3+L26*L$3+C26*C$3+M26*M$3+N$3*N26)*IF(B26 = "Entrée",1,-1) -> 0
A27: 5.5.2026 | B27: Entrée | J27: 69 | K27: =97+98 -> 195 | L27: =21+51 -> 72 | M27: 8 | O27: =(D27*D$3+E27*E$3+F27*F$3+G27*G$3+H27*H$3+I27*I$3+J27*J$3+K27*K$3+L27*L$3+C27*C$3+M27*M$3+N$3*N27)*IF(B27 = "Entrée",1,-1) -> 8990

Sheet Sheet1
